cve_id,product_category,severity,cvss_score,published_date,patch_available,exploitation_status_demo,asset_criticality,exposure,handles_sensitive_data,priority_score,priority_band,description,data_label
CVE-2099-0001,Operating System,CRITICAL,9.8,2026-08-20,1,NO_KNOWN_EXPLOITATION,LOW,ISOLATED,0,44.5,P3,"Critical CVSS memory-safety weakness in a fictional OS, found on an isolated test machine with no network exposure. [SYNTHETIC / DEMO ONLY]",SYNTHETIC / DEMO ONLY
CVE-2099-0002,VPN Gateway,HIGH,8.1,2026-09-17,1,EXPLOITATION_REPORTED_DEMO,CRITICAL,INTERNET_FACING,1,98.3,P1,High CVSS authentication weakness in a fictional VPN gateway that is internet-facing and protects critical systems. [SYNTHETIC / DEMO ONLY],SYNTHETIC / DEMO ONLY
CVE-2099-10001,Email Server,CRITICAL,9.5,2026-02-04,1,PUBLIC_POC_DEMO,LOW,INTERNAL,0,61.5,P2,Synthetic information-disclosure weakness in a fictional email server product. [SYNTHETIC / DEMO ONLY],SYNTHETIC / DEMO ONLY
CVE-2099-10002,Database,HIGH,7.6,2025-12-07,1,PUBLIC_POC_DEMO,MEDIUM,INTERNET_FACING,0,71.1,P2,Synthetic authentication bypass weakness in a fictional database product. [SYNTHETIC / DEMO ONLY],SYNTHETIC / DEMO ONLY
CVE-2099-10003,VPN Gateway,HIGH,7.8,2026-03-20,1,NO_KNOWN_EXPLOITATION,HIGH,INTERNAL,0,58.0,P3,Synthetic information-disclosure weakness in a fictional vpn gateway product. [SYNTHETIC / DEMO ONLY],SYNTHETIC / DEMO ONLY
CVE-2099-10004,Office Suite,HIGH,7.3,2025-12-08,1,NO_KNOWN_EXPLOITATION,MEDIUM,INTERNAL,1,55.0,P3,Synthetic authentication bypass weakness in a fictional office suite product. [SYNTHETIC / DEMO ONLY],SYNTHETIC / DEMO ONLY
CVE-2099-10005,Network Firewall,MEDIUM,6.0,2025-11-13,1,PUBLIC_POC_DEMO,MEDIUM,INTERNET_FACING,0,65.5,P2,Synthetic input-validation weakness in a fictional network firewall product. [SYNTHETIC / DEMO ONLY],SYNTHETIC / DEMO ONLY
CVE-2099-10006,Container Runtime,CRITICAL,10.0,2026-02-06,1,PUBLIC_POC_DEMO,MEDIUM,INTERNAL,0,69.5,P2,Synthetic authentication bypass weakness in a fictional container runtime product. [SYNTHETIC / DEMO ONLY],SYNTHETIC / DEMO ONLY
CVE-2099-10007,Operating System,HIGH,7.5,2026-09-03,0,NO_KNOWN_EXPLOITATION,HIGH,INTERNET_FACING,1,72.0,P2,Synthetic information-disclosure weakness in a fictional operating system product. [SYNTHETIC / DEMO ONLY],SYNTHETIC / DEMO ONLY
CVE-2099-10008,Identity Provider,HIGH,7.5,2026-08-01,1,PUBLIC_POC_DEMO,HIGH,INTERNAL,0,67.0,P2,Synthetic access-control weakness in a fictional identity provider product. [SYNTHETIC / DEMO ONLY],SYNTHETIC / DEMO ONLY
CVE-2099-10009,VPN Gateway,CRITICAL,9.3,2026-03-29,1,NO_KNOWN_EXPLOITATION,HIGH,INTERNAL,0,63.3,P2,Synthetic input-validation weakness in a fictional vpn gateway product. [SYNTHETIC / DEMO ONLY],SYNTHETIC / DEMO ONLY
CVE-2099-10010,IoT Camera,MEDIUM,6.5,2025-12-28,1,NO_KNOWN_EXPLOITATION,LOW,ISOLATED,0,33.0,P4,Synthetic input-validation weakness in a fictional iot camera product. [SYNTHETIC / DEMO ONLY],SYNTHETIC / DEMO ONLY
CVE-2099-10011,Operating System,HIGH,7.2,2026-07-30,1,NO_KNOWN_EXPLOITATION,CRITICAL,INTERNET_FACING,0,72.2,P2,Synthetic access-control weakness in a fictional operating system product. [SYNTHETIC / DEMO ONLY],SYNTHETIC / DEMO ONLY
CVE-2099-10012,VPN Gateway,HIGH,7.2,2025-09-29,1,PUBLIC_POC_DEMO,HIGH,INTERNET_FACING,1,81.0,P1,Synthetic information-disclosure weakness in a fictional vpn gateway product. [SYNTHETIC / DEMO ONLY],SYNTHETIC / DEMO ONLY
CVE-2099-10013,Database,MEDIUM,5.1,2026-04-14,1,NO_KNOWN_EXPLOITATION,MEDIUM,INTERNET_FACING,1,57.3,P3,Synthetic configuration weakness in a fictional database product. [SYNTHETIC / DEMO ONLY],SYNTHETIC / DEMO ONLY
CVE-2099-10014,Web Server,HIGH,8.3,2025-10-21,1,NO_KNOWN_EXPLOITATION,MEDIUM,INTERNET_FACING,0,63.5,P2,Synthetic access-control weakness in a fictional web server product. [SYNTHETIC / DEMO ONLY],SYNTHETIC / DEMO ONLY
CVE-2099-10015,Web Server,HIGH,7.3,2026-08-10,1,NO_KNOWN_EXPLOITATION,HIGH,INTERNAL,0,56.3,P3,Synthetic information-disclosure weakness in a fictional web server product. [SYNTHETIC / DEMO ONLY],SYNTHETIC / DEMO ONLY
CVE-2099-10016,VPN Gateway,HIGH,8.9,2025-12-06,1,NO_KNOWN_EXPLOITATION,MEDIUM,INTERNAL,1,60.6,P2,Synthetic input-validation weakness in a fictional vpn gateway product. [SYNTHETIC / DEMO ONLY],SYNTHETIC / DEMO ONLY
CVE-2099-10017,Container Runtime,MEDIUM,6.7,2026-02-28,1,NO_KNOWN_EXPLOITATION,LOW,INTERNAL,0,41.7,P3,Synthetic memory-safety weakness in a fictional container runtime product. [SYNTHETIC / DEMO ONLY],SYNTHETIC / DEMO ONLY
CVE-2099-10018,Network Firewall,MEDIUM,6.2,2026-07-22,1,NO_KNOWN_EXPLOITATION,MEDIUM,INTERNAL,1,51.2,P3,Synthetic access-control weakness in a fictional network firewall product. [SYNTHETIC / DEMO ONLY],SYNTHETIC / DEMO ONLY
CVE-2099-10019,Identity Provider,MEDIUM,6.6,2026-08-22,1,NO_KNOWN_EXPLOITATION,MEDIUM,ISOLATED,1,44.6,P3,Synthetic configuration weakness in a fictional identity provider product. [SYNTHETIC / DEMO ONLY],SYNTHETIC / DEMO ONLY
CVE-2099-10020,Email Server,MEDIUM,5.7,2026-05-05,1,NO_KNOWN_EXPLOITATION,HIGH,INTERNET_FACING,0,60.7,P2,Synthetic configuration weakness in a fictional email server product. [SYNTHETIC / DEMO ONLY],SYNTHETIC / DEMO ONLY
CVE-2099-10021,Container Runtime,LOW,3.9,2026-02-21,1,NO_KNOWN_EXPLOITATION,MEDIUM,INTERNAL,0,38.1,P4,Synthetic configuration weakness in a fictional container runtime product. [SYNTHETIC / DEMO ONLY],SYNTHETIC / DEMO ONLY
CVE-2099-10022,IoT Camera,MEDIUM,6.0,2026-07-12,1,NO_KNOWN_EXPLOITATION,LOW,INTERNET_FACING,0,49.2,P3,Synthetic configuration weakness in a fictional iot camera product. [SYNTHETIC / DEMO ONLY],SYNTHETIC / DEMO ONLY
CVE-2099-10023,Container Runtime,HIGH,7.6,2026-01-07,1,NO_KNOWN_EXPLOITATION,CRITICAL,INTERNAL,1,68.6,P2,Synthetic access-control weakness in a fictional container runtime product. [SYNTHETIC / DEMO ONLY],SYNTHETIC / DEMO ONLY
CVE-2099-10024,CMS Plugin,CRITICAL,10.0,2025-10-08,1,NO_KNOWN_EXPLOITATION,HIGH,INTERNAL,0,65.8,P2,Synthetic access-control weakness in a fictional cms plugin product. [SYNTHETIC / DEMO ONLY],SYNTHETIC / DEMO ONLY
CVE-2099-10025,Office Suite,MEDIUM,6.4,2026-06-13,1,NO_KNOWN_EXPLOITATION,MEDIUM,INTERNET_FACING,1,61.9,P2,Synthetic information-disclosure weakness in a fictional office suite product. [SYNTHETIC / DEMO ONLY],SYNTHETIC / DEMO ONLY
CVE-2099-10026,Office Suite,MEDIUM,5.2,2026-01-02,1,EXPLOITATION_REPORTED_DEMO,MEDIUM,INTERNAL,1,65.7,P2,Synthetic authentication bypass weakness in a fictional office suite product. [SYNTHETIC / DEMO ONLY],SYNTHETIC / DEMO ONLY
CVE-2099-10027,Container Runtime,HIGH,8.7,2026-01-12,1,EXPLOITATION_REPORTED_DEMO,MEDIUM,INTERNAL,0,73.0,P2,Synthetic authentication bypass weakness in a fictional container runtime product. [SYNTHETIC / DEMO ONLY],SYNTHETIC / DEMO ONLY
CVE-2099-10028,Office Suite,CRITICAL,10.0,2026-08-05,0,NO_KNOWN_EXPLOITATION,LOW,INTERNET_FACING,0,63.2,P2,Synthetic memory-safety weakness in a fictional office suite product. [SYNTHETIC / DEMO ONLY],SYNTHETIC / DEMO ONLY
CVE-2099-10029,Network Firewall,HIGH,8.8,2026-03-11,1,NO_KNOWN_EXPLOITATION,HIGH,INTERNAL,0,61.5,P2,Synthetic input-validation weakness in a fictional network firewall product. [SYNTHETIC / DEMO ONLY],SYNTHETIC / DEMO ONLY
CVE-2099-10030,Web Server,HIGH,8.3,2025-10-18,1,NO_KNOWN_EXPLOITATION,LOW,ISOLATED,0,39.3,P4,Synthetic access-control weakness in a fictional web server product. [SYNTHETIC / DEMO ONLY],SYNTHETIC / DEMO ONLY
CVE-2099-10031,Network Firewall,MEDIUM,6.2,2026-02-22,1,EXPLOITATION_REPORTED_DEMO,MEDIUM,ISOLATED,0,56.2,P3,Synthetic input-validation weakness in a fictional network firewall product. [SYNTHETIC / DEMO ONLY],SYNTHETIC / DEMO ONLY
CVE-2099-10032,VPN Gateway,MEDIUM,4.6,2025-12-18,0,NO_KNOWN_EXPLOITATION,HIGH,INTERNAL,0,46.8,P3,Synthetic access-control weakness in a fictional vpn gateway product. [SYNTHETIC / DEMO ONLY],SYNTHETIC / DEMO ONLY
CVE-2099-10033,IoT Camera,MEDIUM,6.7,2026-08-17,1,NO_KNOWN_EXPLOITATION,MEDIUM,INTERNAL,1,53.0,P3,Synthetic access-control weakness in a fictional iot camera product. [SYNTHETIC / DEMO ONLY],SYNTHETIC / DEMO ONLY
CVE-2099-10034,Web Server,HIGH,7.1,2026-08-03,1,NO_KNOWN_EXPLOITATION,HIGH,INTERNAL,0,55.6,P3,Synthetic configuration weakness in a fictional web server product. [SYNTHETIC / DEMO ONLY],SYNTHETIC / DEMO ONLY
CVE-2099-10035,Database,MEDIUM,6.4,2025-11-21,1,NO_KNOWN_EXPLOITATION,HIGH,INTERNAL,0,53.1,P3,Synthetic configuration weakness in a fictional database product. [SYNTHETIC / DEMO ONLY],SYNTHETIC / DEMO ONLY
CVE-2099-10036,IoT Camera,MEDIUM,5.8,2026-03-04,1,NO_KNOWN_EXPLOITATION,MEDIUM,INTERNAL,0,44.8,P3,Synthetic access-control weakness in a fictional iot camera product. [SYNTHETIC / DEMO ONLY],SYNTHETIC / DEMO ONLY
CVE-2099-10037,Email Server,HIGH,7.9,2026-02-15,1,NO_KNOWN_EXPLOITATION,HIGH,INTERNAL,0,58.4,P3,Synthetic access-control weakness in a fictional email server product. [SYNTHETIC / DEMO ONLY],SYNTHETIC / DEMO ONLY
CVE-2099-10038,VPN Gateway,MEDIUM,5.2,2026-07-28,1,PUBLIC_POC_DEMO,CRITICAL,INTERNAL,0,65.2,P2,Synthetic access-control weakness in a fictional vpn gateway product. [SYNTHETIC / DEMO ONLY],SYNTHETIC / DEMO ONLY
CVE-2099-10039,Web Server,HIGH,7.3,2026-05-28,1,NO_KNOWN_EXPLOITATION,LOW,ISOLATED,0,35.8,P4,Synthetic input-validation weakness in a fictional web server product. [SYNTHETIC / DEMO ONLY],SYNTHETIC / DEMO ONLY
CVE-2099-10040,Identity Provider,CRITICAL,9.9,2026-08-01,0,NO_KNOWN_EXPLOITATION,LOW,INTERNET_FACING,1,67.9,P2,Synthetic information-disclosure weakness in a fictional identity provider product. [SYNTHETIC / DEMO ONLY],SYNTHETIC / DEMO ONLY
CVE-2099-10041,Web Server,CRITICAL,9.8,2026-03-30,1,NO_KNOWN_EXPLOITATION,MEDIUM,INTERNAL,0,58.8,P3,Synthetic access-control weakness in a fictional web server product. [SYNTHETIC / DEMO ONLY],SYNTHETIC / DEMO ONLY
CVE-2099-10042,IoT Camera,MEDIUM,5.6,2026-08-14,1,NO_KNOWN_EXPLOITATION,LOW,INTERNAL,0,37.8,P4,Synthetic information-disclosure weakness in a fictional iot camera product. [SYNTHETIC / DEMO ONLY],SYNTHETIC / DEMO ONLY
CVE-2099-10043,Office Suite,MEDIUM,6.5,2026-09-12,1,PUBLIC_POC_DEMO,MEDIUM,INTERNAL,0,57.2,P3,Synthetic memory-safety weakness in a fictional office suite product. [SYNTHETIC / DEMO ONLY],SYNTHETIC / DEMO ONLY
CVE-2099-10044,Web Server,HIGH,8.5,2026-06-10,1,NO_KNOWN_EXPLOITATION,MEDIUM,INTERNAL,0,54.2,P3,Synthetic access-control weakness in a fictional web server product. [SYNTHETIC / DEMO ONLY],SYNTHETIC / DEMO ONLY
CVE-2099-10045,VPN Gateway,MEDIUM,4.3,2026-02-13,1,NO_KNOWN_EXPLOITATION,MEDIUM,INTERNAL,1,44.5,P3,Synthetic access-control weakness in a fictional vpn gateway product. [SYNTHETIC / DEMO ONLY],SYNTHETIC / DEMO ONLY
CVE-2099-10046,Identity Provider,CRITICAL,10.0,2026-03-04,1,NO_KNOWN_EXPLOITATION,MEDIUM,INTERNET_FACING,0,69.5,P2,Synthetic information-disclosure weakness in a fictional identity provider product. [SYNTHETIC / DEMO ONLY],SYNTHETIC / DEMO ONLY
CVE-2099-10047,CMS Plugin,MEDIUM,6.2,2026-05-20,1,PUBLIC_POC_DEMO,HIGH,INTERNET_FACING,0,72.5,P2,Synthetic input-validation weakness in a fictional cms plugin product. [SYNTHETIC / DEMO ONLY],SYNTHETIC / DEMO ONLY
CVE-2099-10048,Web Server,MEDIUM,4.3,2025-11-09,1,NO_KNOWN_EXPLOITATION,LOW,INTERNAL,0,33.3,P4,Synthetic memory-safety weakness in a fictional web server product. [SYNTHETIC / DEMO ONLY],SYNTHETIC / DEMO ONLY
CVE-2099-10049,CMS Plugin,HIGH,8.3,2026-03-01,1,NO_KNOWN_EXPLOITATION,HIGH,INTERNAL,0,59.8,P3,Synthetic configuration weakness in a fictional cms plugin product. [SYNTHETIC / DEMO ONLY],SYNTHETIC / DEMO ONLY
CVE-2099-10050,IoT Camera,HIGH,8.9,2026-09-24,1,NO_KNOWN_EXPLOITATION,LOW,INTERNAL,0,49.4,P3,Synthetic input-validation weakness in a fictional iot camera product. [SYNTHETIC / DEMO ONLY],SYNTHETIC / DEMO ONLY
CVE-2099-10051,Office Suite,MEDIUM,4.3,2026-07-15,1,NO_KNOWN_EXPLOITATION,HIGH,INTERNAL,1,50.8,P3,Synthetic access-control weakness in a fictional office suite product. [SYNTHETIC / DEMO ONLY],SYNTHETIC / DEMO ONLY
CVE-2099-10052,Network Firewall,HIGH,7.8,2026-09-05,0,NO_KNOWN_EXPLOITATION,MEDIUM,INTERNET_FACING,0,61.8,P2,Synthetic information-disclosure weakness in a fictional network firewall product. [SYNTHETIC / DEMO ONLY],SYNTHETIC / DEMO ONLY
CVE-2099-10053,VPN Gateway,HIGH,7.7,2026-03-22,1,PUBLIC_POC_DEMO,HIGH,INTERNET_FACING,0,77.7,P2,Synthetic input-validation weakness in a fictional vpn gateway product. [SYNTHETIC / DEMO ONLY],SYNTHETIC / DEMO ONLY
CVE-2099-10054,VPN Gateway,MEDIUM,5.6,2026-07-12,1,NO_KNOWN_EXPLOITATION,MEDIUM,ISOLATED,1,41.1,P3,Synthetic access-control weakness in a fictional vpn gateway product. [SYNTHETIC / DEMO ONLY],SYNTHETIC / DEMO ONLY
CVE-2099-10055,Container Runtime,MEDIUM,4.8,2025-12-13,0,NO_KNOWN_EXPLOITATION,HIGH,INTERNET_FACING,1,62.5,P2,Synthetic authentication bypass weakness in a fictional container runtime product. [SYNTHETIC / DEMO ONLY],SYNTHETIC / DEMO ONLY
CVE-2099-10056,Email Server,MEDIUM,5.5,2025-11-01,1,PUBLIC_POC_DEMO,HIGH,INTERNAL,0,60.0,P2,Synthetic access-control weakness in a fictional email server product. [SYNTHETIC / DEMO ONLY],SYNTHETIC / DEMO ONLY
CVE-2099-10057,Email Server,MEDIUM,6.3,2026-05-28,1,NO_KNOWN_EXPLOITATION,MEDIUM,INTERNET_FACING,1,61.5,P2,Synthetic authentication bypass weakness in a fictional email server product. [SYNTHETIC / DEMO ONLY],SYNTHETIC / DEMO ONLY
CVE-2099-10058,Operating System,HIGH,8.2,2026-06-03,1,NO_KNOWN_EXPLOITATION,MEDIUM,INTERNAL,0,53.2,P3,Synthetic memory-safety weakness in a fictional operating system product. [SYNTHETIC / DEMO ONLY],SYNTHETIC / DEMO ONLY
CVE-2099-10059,Office Suite,HIGH,7.3,2026-04-14,1,NO_KNOWN_EXPLOITATION,MEDIUM,ISOLATED,0,42.0,P3,Synthetic input-validation weakness in a fictional office suite product. [SYNTHETIC / DEMO ONLY],SYNTHETIC / DEMO ONLY
CVE-2099-10060,Web Server,HIGH,7.3,2026-01-29,1,NO_KNOWN_EXPLOITATION,HIGH,INTERNET_FACING,0,66.3,P2,Synthetic configuration weakness in a fictional web server product. [SYNTHETIC / DEMO ONLY],SYNTHETIC / DEMO ONLY
